<?xml version="1.0" encoding="UTF-8"?>
<project name="fr.irisa.triskell.kermeta.samples.fsm.demo" default="gather.bin.parts" basedir=".">

	<!-- This script patches the way the plugin is created, otherwise some files are not added in the distribution and make it incorrect 
		typically, all the classes in fr/irisa/triskell/kermeta/graphicaleditor/diagram/policies/extension/
		and we get a in the PDE error log : java.lang.NoClassDefFoundError: fr/irisa/triskell/kermeta/graphicaleditor/diagram/policies/extension/ExtendedPropertyEdgeCreationEditPolicy
	-->
	<target name="gather.bin.parts" >
		<tstamp>
			<format property="TODAY_UK" pattern="d-MMMM-yyyy" locale="en"/>
		</tstamp>
		<filter token="BUILD.DATE" value="${TODAY_UK}"/>
		<mkdir dir="mytemp"/>
		<copy todir="mytemp" failonerror="true" overwrite="true">
			<fileset dir="." includes="**" excludes="*zip_build.xml,readme.txt,*mytemp,fr.irisa.triskell.kermeta.samples.fsm.demo.zip"/>
		</copy>
		<copy file="readme.txt" 
			tofile="mytemp/readme.txt"
			filtering="true"
			overwrite="true"/>
		<zip destfile="fr.irisa.triskell.kermeta.samples.fsm.demo.zip" basedir="mytemp" includes="**" filesonly="false" whenempty="skip" update="false"/>
		<delete dir="mytemp"/>
	</target>

</project>
