<?xml version="1.0" encoding="US-ASCII"?>
<l:l10n xmlns:l="http://docbook.sourceforge.net/xmlns/l10n/1.0" language="lt" english-language-name="Lithuanian">

<!-- This file is generated automatically. -->
<!-- Do not edit this file by hand! -->
<!-- See http://docbook.sourceforge.net/ -->
<!-- To update this file: edit the corresponding document at -->
<!-- http://cvs.sourceforge.net/cgi-bin/viewcvs.cgi/docbook/gentext/locale/ -->

   <l:gentext key="Abstract" text="Santrauka"/>
   <l:gentext key="abstract" text="Santrauka"/>
   <l:gentext key="Answer" text="Ats:"/>
   <l:gentext key="answer" text="Ats:"/>
   <l:gentext key="Appendix" text="Priedas"/>
   <l:gentext key="appendix" text="Priedas"/>
   <l:gentext key="Article" text="Straipsnis"/>
   <l:gentext key="article" text="Straipsnis"/>
   <l:gentext key="Bibliography" text="Bibliografija"/>
   <l:gentext key="bibliography" text="Bibliografija"/>
   <l:gentext key="Book" text="Knyga"/>
   <l:gentext key="book" text="Knyga"/>
   <l:gentext key="CAUTION" text="ATSARGIAI"/>
   <l:gentext key="Caution" text="Atsargiai"/>
   <l:gentext key="caution" text="Atsargiai"/>
   <l:gentext key="Chapter" text="Skyrius"/>
   <l:gentext key="chapter" text="Skyrius"/>
   <l:gentext key="Colophon" text="Knygos metrika"/>
   <l:gentext key="colophon" text="Knygos metrika"/>
   <l:gentext key="Copyright" text="Autorin&#279;s teis&#279;s"/>
   <l:gentext key="copyright" text="Autorin&#279;s teis&#279;s"/>
   <l:gentext key="Dedication" text="Dedikacija"/>
   <l:gentext key="dedication" text="Dedikacija"/>
   <l:gentext key="Edition" text="Leidimas"/>
   <l:gentext key="edition" text="Leidimas"/>
   <l:gentext key="Equation" text="Lygtis"/>
   <l:gentext key="equation" text="Lygtis"/>
   <l:gentext key="Example" text="Pavyzdys"/>
   <l:gentext key="example" text="Pavyzdys"/>
   <l:gentext key="Figure" text="Pav."/>
   <l:gentext key="figure" text="Pav."/>
   <l:gentext key="Glossary" text="Termin&#371; &#382;odynas"/>
   <l:gentext key="glossary" text="Termin&#371; &#382;odynas"/>
   <l:gentext key="GlossSee" text="&#381;r."/>
   <l:gentext key="glosssee" text="&#381;r."/>
   <l:gentext key="GlossSeeAlso" text="Taip pat &#382;r."/>
   <l:gentext key="glossseealso" text="Taip pat &#382;r."/>
   <l:gentext key="IMPORTANT" text="SVARBU"/>
   <l:gentext key="important" text="Svarbu"/>
   <l:gentext key="Important" text="Svarbu"/>
   <l:gentext key="Index" text="Rodykl&#279;"/>
   <l:gentext key="index" text="Rodykl&#279;"/>
   <l:gentext key="ISBN" text="ISBN"/>
   <l:gentext key="isbn" text="ISBN"/>
   <l:gentext key="LegalNotice" text="Teisin&#279; pastaba"/>
   <l:gentext key="legalnotice" text="Teisin&#279; pastaba"/>
   <l:gentext key="MsgAud" text="Auditorija"/>
   <l:gentext key="msgaud" text="Auditorija"/>
   <l:gentext key="MsgLevel" text="Lygmuo"/>
   <l:gentext key="msglevel" text="Lygmuo"/>
   <l:gentext key="MsgOrig" text="Kilm&#279;"/>
   <l:gentext key="msgorig" text="Kilm&#279;"/>
   <l:gentext key="NOTE" text="PASTABA"/>
   <l:gentext key="Note" text="Pastaba"/>
   <l:gentext key="note" text="Pastaba"/>
   <l:gentext key="Part" text="Dalis"/>
   <l:gentext key="part" text="Dalis"/>
   <l:gentext key="Preface" text="&#302;vadas"/>
   <l:gentext key="preface" text="&#302;vadas"/>
   <l:gentext key="Procedure" text="Proced&#363;ra"/>
   <l:gentext key="procedure" text="Proced&#363;ra"/>
   <l:gentext key="ProductionSet" text="Produkcija"/>
   <l:gentext key="PubDate" text="I&#353;leidimo data"/>
   <l:gentext key="pubdate" text="I&#353;leidimo data"/>
   <l:gentext key="Published" text="I&#353;leistas"/>
   <l:gentext key="published" text="I&#353;leistas"/>
   <l:gentext key="Qandadiv" text="Klaus. ir Ats."/>
   <l:gentext key="qandadiv" text="Klaus. ir Ats."/>
   <l:gentext key="Question" text="Klaus.:"/>
   <l:gentext key="question" text="Klaus.:"/>
   <l:gentext key="RefEntry" text=""/>
   <l:gentext key="refentry" text=""/>
   <l:gentext key="Reference" text="Nuoroda"/>
   <l:gentext key="reference" text="Nuoroda"/>
   <l:gentext key="RefName" text="Pavadinimas"/>
   <l:gentext key="refname" text="Pavadinimas"/>
   <l:gentext key="RefSection" text=""/>
   <l:gentext key="refsection" text=""/>
   <l:gentext key="RefSynopsisDiv" text="Trumpa ap&#382;valga"/>
   <l:gentext key="refsynopsisdiv" text="Trumpa ap&#382;valga"/>
   <l:gentext key="RevHistory" text="Pataisym&#371; istorija"/>
   <l:gentext key="revhistory" text="Pataisym&#371; istorija"/>
   <l:gentext key="revision" text="Pataisytas leidimas"/>
   <l:gentext key="Revision" text="Pataisytas leidimas"/>
   <l:gentext key="sect1" text="Skyrius"/>
   <l:gentext key="sect2" text="Skyrius"/>
   <l:gentext key="sect3" text="Skyrius"/>
   <l:gentext key="sect4" text="Skyrius"/>
   <l:gentext key="sect5" text="Skyrius"/>
   <l:gentext key="section" text="Skyrius"/>
   <l:gentext key="Section" text="Skyrius"/>
   <l:gentext key="see" text="&#382;r."/>
   <l:gentext key="See" text="&#381;r."/>
   <l:gentext key="seealso" text="taip pat &#382;r."/>
   <l:gentext key="Seealso" text="Taip pat &#382;r."/>
   <l:gentext key="SeeAlso" text="Taip pat &#382;r."/>
   <l:gentext key="set" text="Set"/>
   <l:gentext key="Set" text="Set"/>
   <l:gentext key="setindex" text="Set Index"/>
   <l:gentext key="SetIndex" text="Set Index"/>
   <l:gentext key="Sidebar" text=""/>
   <l:gentext key="sidebar" text="sidebar"/>
   <l:gentext key="step" text="&#382;ingsnis"/>
   <l:gentext key="Step" text="&#381;ingsnis"/>
   <l:gentext key="Table" text="Lentel&#279;"/>
   <l:gentext key="table" text="Lentel&#279;"/>
   <l:gentext key="tip" text="Patarimas"/>
   <l:gentext key="TIP" text="PATARIMAS"/>
   <l:gentext key="Tip" text="Patarimas"/>
   <l:gentext key="Warning" text="&#302;sp&#279;jimas"/>
   <l:gentext key="warning" text="&#302;sp&#279;jimas"/>
   <l:gentext key="WARNING" text="&#302;SP&#278;JIMAS"/>
   <l:gentext key="and" text="ir"/>
   <l:gentext key="by" text="by"/>
   <l:gentext key="called" text="called"/>
   <l:gentext key="Edited" text="Redaguotas"/>
   <l:gentext key="edited" text="Redaguotas"/>
   <l:gentext key="Editedby" text="Redagavo"/>
   <l:gentext key="editedby" text="Redagavo"/>
   <l:gentext key="in" text="in"/>
   <l:gentext key="lastlistcomma" text=","/>
   <l:gentext key="listcomma" text=","/>
   <l:gentext key="nonexistantelement" text="neegzistuojantis elementas"/>
   <l:gentext key="notes" text="Pastabos"/>
   <l:gentext key="Notes" text="Pastabos"/>
   <l:gentext key="Pgs" text="P."/>
   <l:gentext key="pgs" text="P."/>
   <l:gentext key="Revisedby" text="Patais&#279;: "/>
   <l:gentext key="revisedby" text="Patais&#279;: "/>
   <l:gentext key="TableNotes" text="Pastabos"/>
   <l:gentext key="tablenotes" text="Pastabos"/>
   <l:gentext key="TableofContents" text="Turinys"/>
   <l:gentext key="tableofcontents" text="Turinys"/>
   <l:gentext key="the" text=""/>
   <l:gentext key="unexpectedelementname" text="Nenumatyto elemento pavadinimas"/>
   <l:gentext key="unsupported" text="nepalaikomas"/>
   <l:gentext key="xrefto" text="xref &#303;"/>
   <l:gentext key="listofequations" text="Lyg&#269;i&#371; s&#261;ra&#353;as"/>
   <l:gentext key="ListofEquations" text="Lyg&#269;i&#371; s&#261;ra&#353;as"/>
   <l:gentext key="ListofExamples" text="Pavyzd&#382;i&#371; s&#261;ra&#353;as"/>
   <l:gentext key="listofexamples" text="Pavyzd&#382;i&#371; s&#261;ra&#353;as"/>
   <l:gentext key="ListofFigures" text="Paveiksl&#371; s&#261;ra&#353;as"/>
   <l:gentext key="listoffigures" text="Paveiksl&#371; s&#261;ra&#353;as"/>
   <l:gentext key="ListofProcedures" text="Proced&#363;r&#371; s&#261;ra&#353;as"/>
   <l:gentext key="listofprocedures" text="Proced&#363;r&#371; s&#261;ra&#353;as"/>
   <l:gentext key="listoftables" text="Lenteli&#371; s&#261;ra&#353;as"/>
   <l:gentext key="ListofTables" text="Lenteli&#371; s&#261;ra&#353;as"/>
   <l:gentext key="ListofUnknown" text="Ne&#382;inomas s&#261;ra&#353;as"/>
   <l:gentext key="listofunknown" text="Ne&#382;inomas s&#261;ra&#353;as"/>
   <l:gentext key="nav-home" text="&#302; prad&#382;i&#261;"/>
   <l:gentext key="nav-next" text="Sekantis"/>
   <l:gentext key="nav-next-sibling" text="Spartus pirmyn"/>
   <l:gentext key="nav-prev" text="Ankstesnis"/>
   <l:gentext key="nav-prev-sibling" text="Spartus atgal"/>
   <l:gentext key="nav-up" text="Auk&#353;tyn"/>
   <l:gentext key="nav-toc" text="Turinys"/>
   <l:gentext key="Draft" text="Planas"/>
   <l:gentext key="above" text="auk&#353;&#269;iau"/>
   <l:gentext key="below" text="&#382;emiau"/>
   <l:gentext key="sectioncalled" text="skyrius pavadinimu"/>
   <l:gentext key="index symbols" text="Simboliai"/>
   <l:gentext key="lowercase.alpha" text="a&#261;bc&#269;de&#281;&#279;fghi&#303;yjklmnoprs&#353;tu&#371;&#363;vz&#382;qwx"/>
   <l:gentext key="uppercase.alpha" text="A&#260;BC&#268;DE&#280;&#278;FGHI&#302;YJKLMNOPRS&#352;TU&#370;&#362;VZ&#381;QWX"/>
   <l:dingbat key="startquote" text="&#8222;"/>
   <l:dingbat key="endquote" text="&#8220;"/>
   <l:dingbat key="nestedstartquote" text="&#8216;"/>
   <l:dingbat key="nestedendquote" text="&#8217;"/>
   <l:dingbat key="singlestartquote" text="&#8216;"/>
   <l:dingbat key="singleendquote" text="&#8217;"/>
   <l:dingbat key="bullet" text="&#8226;"/>
   <l:gentext key="hyphenation-character" text="-"/>
   <l:gentext key="hyphenation-push-character-count" text="2"/>
   <l:gentext key="hyphenation-remain-character-count" text="2"/>

   <l:context name="styles">
      <l:template name="person-name" text="first-last"/>
   </l:context>

   <l:context name="title">
      <l:template name="abstract" text="%t"/>
      <l:template name="answer" text="%t"/>
      <l:template name="appendix" text="Priedas&#160;%n.&#160;%t"/>
      <l:template name="article" text="%t"/>
      <l:template name="authorblurb" text="%t"/>
      <l:template name="bibliodiv" text="%t"/>
      <l:template name="biblioentry" text="%t"/>
      <l:template name="bibliography" text="%t"/>
      <l:template name="bibliolist" text="%t"/>
      <l:template name="bibliomixed" text="%t"/>
      <l:template name="bibliomset" text="%t"/>
      <l:template name="biblioset" text="%t"/>
      <l:template name="blockquote" text="%t"/>
      <l:template name="book" text="%t"/>
      <l:template name="calloutlist" text="%t"/>
      <l:template name="caution" text="%t"/>
      <l:template name="chapter" text="Skyrius&#160;%n.&#160;%t"/>
      <l:template name="colophon" text="%t"/>
      <l:template name="dedication" text="%t"/>
      <l:template name="equation" text="Lygtis&#160;%n.&#160;%t"/>
      <l:template name="example" text="Pavyzdys&#160;%n.&#160;%t"/>
      <l:template name="figure" text="Pav.&#160;%n.&#160;%t"/>
      <l:template name="foil" text="%t"/>
      <l:template name="foilgroup" text="%t"/>
      <l:template name="formalpara" text="%t"/>
      <l:template name="glossary" text="%t"/>
      <l:template name="glossdiv" text="%t"/>
      <l:template name="glosslist" text="%t"/>
      <l:template name="glossentry" text="%t"/>
      <l:template name="important" text="%t"/>
      <l:template name="index" text="%t"/>
      <l:template name="indexdiv" text="%t"/>
      <l:template name="itemizedlist" text="%t"/>
      <l:template name="legalnotice" text="%t"/>
      <l:template name="listitem" text=""/>
      <l:template name="lot" text="%t"/>
      <l:template name="msg" text="%t"/>
      <l:template name="msgexplan" text="%t"/>
      <l:template name="msgmain" text="%t"/>
      <l:template name="msgrel" text="%t"/>
      <l:template name="msgset" text="%t"/>
      <l:template name="msgsub" text="%t"/>
      <l:template name="note" text="%t"/>
      <l:template name="orderedlist" text="%t"/>
      <l:template name="part" text="Dalis&#160;%n.&#160;%t"/>
      <l:template name="partintro" text="%t"/>
      <l:template name="preface" text="%t"/>
      <l:template name="procedure" text="%t"/>
      <l:template name="procedure.formal" text="Proced&#363;ra&#160;%n.&#160;%t"/>
      <l:template name="productionset" text="%t"/>
      <l:template name="productionset.formal" text="Produkcija&#160;%n"/>
      <l:template name="qandadiv" text="%t"/>
      <l:template name="qandaentry" text="%t"/>
      <l:template name="qandaset" text="%t"/>
      <l:template name="question" text="%t"/>
      <l:template name="refentry" text="%t"/>
      <l:template name="reference" text="%t"/>
      <l:template name="refsection" text="%t"/>
      <l:template name="refsect1" text="%t"/>
      <l:template name="refsect2" text="%t"/>
      <l:template name="refsect3" text="%t"/>
      <l:template name="refsynopsisdiv" text="%t"/>
      <l:template name="refsynopsisdivinfo" text="%t"/>
      <l:template name="segmentedlist" text="%t"/>
      <l:template name="set" text="%t"/>
      <l:template name="setindex" text="%t"/>
      <l:template name="sidebar" text="%t"/>
      <l:template name="step" text="%t"/>
      <l:template name="table" text="Lentel&#279;&#160;%n.&#160;%t"/>
      <l:template name="task" text="%t"/>
      <l:template name="tip" text="%t"/>
      <l:template name="toc" text="%t"/>
      <l:template name="variablelist" text="%t"/>
      <l:template name="varlistentry" text=""/>
      <l:template name="warning" text="%t"/>
   </l:context>

   <l:context name="title-unnumbered">
      <l:template name="appendix" text="%t"/>
      <l:template name="article/appendix" text="%t"/>
      <l:template name="bridgehead" text="%t"/>
      <l:template name="chapter" text="%t"/>
      <l:template name="sect1" text="%t"/>
      <l:template name="sect2" text="%t"/>
      <l:template name="sect3" text="%t"/>
      <l:template name="sect4" text="%t"/>
      <l:template name="sect5" text="%t"/>
      <l:template name="section" text="%t"/>
      <l:template name="simplesect" text="%t"/>
   </l:context>

   <l:context name="title-numbered">
      <l:template name="appendix" text="Priedas&#160;%n.&#160;%t"/>
      <l:template name="article/appendix" text="%n.&#160;%t"/>
      <l:template name="bridgehead" text="%n.&#160;%t"/>
      <l:template name="chapter" text="Skyrius&#160;%n.&#160;%t"/>
      <l:template name="sect1" text="%n.&#160;%t"/>
      <l:template name="sect2" text="%n.&#160;%t"/>
      <l:template name="sect3" text="%n.&#160;%t"/>
      <l:template name="sect4" text="%n.&#160;%t"/>
      <l:template name="sect5" text="%n.&#160;%t"/>
      <l:template name="section" text="%n.&#160;%t"/>
      <l:template name="simplesect" text="%t"/>
   </l:context>

   <l:context name="subtitle">
      <l:template name="appendix" text="%s"/>
      <l:template name="article" text="%s"/>
      <l:template name="bibliodiv" text="%s"/>
      <l:template name="biblioentry" text="%s"/>
      <l:template name="bibliography" text="%s"/>
      <l:template name="bibliomixed" text="%s"/>
      <l:template name="bibliomset" text="%s"/>
      <l:template name="biblioset" text="%s"/>
      <l:template name="book" text="%s"/>
      <l:template name="chapter" text="%s"/>
      <l:template name="colophon" text="%s"/>
      <l:template name="dedication" text="%s"/>
      <l:template name="glossary" text="%s"/>
      <l:template name="glossdiv" text="%s"/>
      <l:template name="index" text="%s"/>
      <l:template name="indexdiv" text="%s"/>
      <l:template name="lot" text="%s"/>
      <l:template name="part" text="%s"/>
      <l:template name="partintro" text="%s"/>
      <l:template name="preface" text="%s"/>
      <l:template name="refentry" text="%s"/>
      <l:template name="reference" text="%s"/>
      <l:template name="refsection" text="%s"/>
      <l:template name="refsect1" text="%s"/>
      <l:template name="refsect2" text="%s"/>
      <l:template name="refsect3" text="%s"/>
      <l:template name="refsynopsisdiv" text="%s"/>
      <l:template name="sect1" text="%s"/>
      <l:template name="sect2" text="%s"/>
      <l:template name="sect3" text="%s"/>
      <l:template name="sect4" text="%s"/>
      <l:template name="sect5" text="%s"/>
      <l:template name="section" text="%s"/>
      <l:template name="set" text="%s"/>
      <l:template name="setindex" text="%s"/>
      <l:template name="sidebar" text="%s"/>
      <l:template name="simplesect" text="%s"/>
      <l:template name="toc" text="%s"/>
   </l:context>

   <l:context name="xref">
      <l:template name="abstract" text="%t"/>
      <l:template name="answer" text="Ats:&#160;%n"/>
      <l:template name="appendix" text="%t"/>
      <l:template name="article" text="%t"/>
      <l:template name="authorblurb" text="%t"/>
      <l:template name="bibliodiv" text="%t"/>
      <l:template name="bibliography" text="%t"/>
      <l:template name="bibliomset" text="%t"/>
      <l:template name="biblioset" text="%t"/>
      <l:template name="blockquote" text="%t"/>
      <l:template name="book" text="%t"/>
      <l:template name="calloutlist" text="%t"/>
      <l:template name="caution" text="%t"/>
      <l:template name="chapter" text="%t"/>
      <l:template name="colophon" text="%t"/>
      <l:template name="constraintdef" text="%t"/>
      <l:template name="dedication" text="%t"/>
      <l:template name="equation" text="%t"/>
      <l:template name="example" text="%t"/>
      <l:template name="figure" text="%t"/>
      <l:template name="foil" text="%t"/>
      <l:template name="foilgroup" text="%t"/>
      <l:template name="formalpara" text="%t"/>
      <l:template name="glossary" text="%t"/>
      <l:template name="glossdiv" text="%t"/>
      <l:template name="important" text="%t"/>
      <l:template name="index" text="%t"/>
      <l:template name="indexdiv" text="%t"/>
      <l:template name="itemizedlist" text="%t"/>
      <l:template name="legalnotice" text="%t"/>
      <l:template name="listitem" text="%n"/>
      <l:template name="lot" text="%t"/>
      <l:template name="msg" text="%t"/>
      <l:template name="msgexplan" text="%t"/>
      <l:template name="msgmain" text="%t"/>
      <l:template name="msgrel" text="%t"/>
      <l:template name="msgset" text="%t"/>
      <l:template name="msgsub" text="%t"/>
      <l:template name="note" text="%t"/>
      <l:template name="orderedlist" text="%t"/>
      <l:template name="part" text="%t"/>
      <l:template name="partintro" text="%t"/>
      <l:template name="preface" text="%t"/>
      <l:template name="procedure" text="%t"/>
      <l:template name="productionset" text="%t"/>
      <l:template name="qandadiv" text="%t"/>
      <l:template name="qandaentry" text="Klaus.:&#160;%n"/>
      <l:template name="qandaset" text="%t"/>
      <l:template name="question" text="Klaus.:&#160;%n"/>
      <l:template name="reference" text="%t"/>
      <l:template name="refsynopsisdiv" text="%t"/>
      <l:template name="segmentedlist" text="%t"/>
      <l:template name="set" text="%t"/>
      <l:template name="setindex" text="%t"/>
      <l:template name="sidebar" text="%t"/>
      <l:template name="table" text="%t"/>
      <l:template name="tip" text="%t"/>
      <l:template name="toc" text="%t"/>
      <l:template name="variablelist" text="%t"/>
      <l:template name="varlistentry" text="%n"/>
      <l:template name="warning" text="%t"/>
      <l:template name="olink.document.citation" text=" in %o"/>
      <l:template name="olink.page.citation" text=" (page %p)"/>
      <l:template name="page.citation" text=" [%p]"/>
      <l:template name="page" text="(page %p)"/>
      <l:template name="docname" text=" in %o"/>
      <l:template name="docnamelong" text=" in the document titled %o"/>
      <l:template name="pageabbrev" text="(p. %p)"/>
      <l:template name="Page" text="Page %p"/>
      <l:template name="bridgehead" text="skyrius pavadinimu &#8222;%t&#8220;"/>
      <l:template name="refsection" text="skyrius pavadinimu &#8222;%t&#8220;"/>
      <l:template name="refsect1" text="skyrius pavadinimu &#8222;%t&#8220;"/>
      <l:template name="refsect2" text="skyrius pavadinimu &#8222;%t&#8220;"/>
      <l:template name="refsect3" text="skyrius pavadinimu &#8222;%t&#8220;"/>
      <l:template name="sect1" text="skyrius pavadinimu &#8222;%t&#8220;"/>
      <l:template name="sect2" text="skyrius pavadinimu &#8222;%t&#8220;"/>
      <l:template name="sect3" text="skyrius pavadinimu &#8222;%t&#8220;"/>
      <l:template name="sect4" text="skyrius pavadinimu &#8222;%t&#8220;"/>
      <l:template name="sect5" text="skyrius pavadinimu &#8222;%t&#8220;"/>
      <l:template name="section" text="skyrius pavadinimu &#8222;%t&#8220;"/>
      <l:template name="simplesect" text="skyrius pavadinimu &#8222;%t&#8220;"/>
   </l:context>

   <l:context name="xref-number">
      <l:template name="answer" text="Ats:&#160;%n"/>
      <l:template name="appendix" text="Priedas&#160;%n"/>
      <l:template name="bridgehead" text="Skyrius&#160;%n"/>
      <l:template name="chapter" text="Skyrius&#160;%n"/>
      <l:template name="equation" text="Lygtis&#160;%n"/>
      <l:template name="example" text="Pavyzdys&#160;%n"/>
      <l:template name="figure" text="Pav.&#160;%n"/>
      <l:template name="part" text="Dalis&#160;%n"/>
      <l:template name="procedure" text="Proced&#363;ra&#160;%n"/>
      <l:template name="productionset" text="Produkcija&#160;%n"/>
      <l:template name="qandadiv" text="Klaus. ir Ats.&#160;%n"/>
      <l:template name="qandaentry" text="Klaus.:&#160;%n"/>
      <l:template name="question" text="Klaus.:&#160;%n"/>
      <l:template name="sect1" text="Skyrius&#160;%n"/>
      <l:template name="sect2" text="Skyrius&#160;%n"/>
      <l:template name="sect3" text="Skyrius&#160;%n"/>
      <l:template name="sect4" text="Skyrius&#160;%n"/>
      <l:template name="sect5" text="Skyrius&#160;%n"/>
      <l:template name="section" text="Skyrius&#160;%n"/>
      <l:template name="table" text="Lentel&#279;&#160;%n"/>
   </l:context>

   <l:context name="xref-number-and-title">
      <l:template name="appendix" text="Priedas&#160;%n, %t"/>
      <l:template name="bridgehead" text="Skyrius&#160;%n, &#8222;%t&#8220;"/>
      <l:template name="chapter" text="Skyrius&#160;%n, %t"/>
      <l:template name="equation" text="Lygtis&#160;%n, &#8222;%t&#8220;"/>
      <l:template name="example" text="Pavyzdys&#160;%n, &#8222;%t&#8220;"/>
      <l:template name="figure" text="Pav.&#160;%n, &#8222;%t&#8220;"/>
      <l:template name="part" text="Dalis&#160;%n, &#8222;%t&#8220;"/>
      <l:template name="procedure" text="Proced&#363;ra&#160;%n, &#8222;%t&#8220;"/>
      <l:template name="productionset" text="Produkcija&#160;%n, &#8222;%t&#8220;"/>
      <l:template name="qandadiv" text="Klaus. ir Ats.&#160;%n, &#8222;%t&#8220;"/>
      <l:template name="refsect1" text="skyrius pavadinimu &#8222;%t&#8220;"/>
      <l:template name="refsect2" text="skyrius pavadinimu &#8222;%t&#8220;"/>
      <l:template name="refsect3" text="skyrius pavadinimu &#8222;%t&#8220;"/>
      <l:template name="refsection" text="skyrius pavadinimu &#8222;%t&#8220;"/>
      <l:template name="sect1" text="Skyrius&#160;%n, &#8222;%t&#8220;"/>
      <l:template name="sect2" text="Skyrius&#160;%n, &#8222;%t&#8220;"/>
      <l:template name="sect3" text="Skyrius&#160;%n, &#8222;%t&#8220;"/>
      <l:template name="sect4" text="Skyrius&#160;%n, &#8222;%t&#8220;"/>
      <l:template name="sect5" text="Skyrius&#160;%n, &#8222;%t&#8220;"/>
      <l:template name="section" text="Skyrius&#160;%n, &#8222;%t&#8220;"/>
      <l:template name="simplesect" text="skyrius pavadinimu &#8222;%t&#8220;"/>
      <l:template name="table" text="Lentel&#279;&#160;%n, &#8222;%t&#8220;"/>
   </l:context>

   <l:context name="authorgroup">
      <l:template name="sep" text=", "/>
      <l:template name="sep2" text=" ir "/>
      <l:template name="seplast" text=", ir "/>
   </l:context>

   <l:context name="glossary">
      <l:template name="see" text="&#381;r. "/>
      <l:template name="seealso" text="Taip pat &#382;r. "/>
   </l:context>

   <l:context name="msgset">
      <l:template name="MsgAud" text="Auditorija: "/>
      <l:template name="MsgLevel" text="Lygmuo: "/>
      <l:template name="MsgOrig" text="Kilm&#279;: "/>
   </l:context>

   <l:context name="datetime">
      <l:template name="format" text="Y-m-d"/>
   </l:context>

   <l:context name="datetime-full">
      <l:template name="January" text="Sausis"/>
      <l:template name="February" text="Vasaris"/>
      <l:template name="March" text="Kovas"/>
      <l:template name="April" text="Balandis"/>
      <l:template name="May" text="Gegu&#382;&#279;"/>
      <l:template name="June" text="Bir&#382;elis"/>
      <l:template name="July" text="Liepa"/>
      <l:template name="August" text="Rugpj&#363;tis"/>
      <l:template name="September" text="Rugs&#279;jis"/>
      <l:template name="October" text="Spalis"/>
      <l:template name="November" text="Lapkritis"/>
      <l:template name="December" text="Gruodis"/>
      <l:template name="Monday" text="Pirmadienis"/>
      <l:template name="Tuesday" text="Antradienis"/>
      <l:template name="Wednesday" text="Tre&#269;iadienis"/>
      <l:template name="Thursday" text="Ketvirtadienis"/>
      <l:template name="Friday" text="Penktadienis"/>
      <l:template name="Saturday" text="&#352;e&#353;tadienis"/>
      <l:template name="Sunday" text="Sekmadienis"/>
   </l:context>

   <l:context name="datetime-abbrev">
      <l:template name="Jan" text="Sau"/>
      <l:template name="Feb" text="Vas"/>
      <l:template name="Mar" text="Kov"/>
      <l:template name="Apr" text="Bal"/>
      <l:template name="May" text="Geg"/>
      <l:template name="Jun" text="Bir"/>
      <l:template name="Jul" text="Lie"/>
      <l:template name="Aug" text="Rugp"/>
      <l:template name="Sep" text="Rugs"/>
      <l:template name="Oct" text="Spa"/>
      <l:template name="Nov" text="Lap"/>
      <l:template name="Dec" text="Gru"/>
      <l:template name="Mon" text="Pr"/>
      <l:template name="Tue" text="An"/>
      <l:template name="Wed" text="Tr"/>
      <l:template name="Thu" text="Kt"/>
      <l:template name="Fri" text="Pn"/>
      <l:template name="Sat" text="&#352;t"/>
      <l:template name="Sun" text="Sk"/>
   </l:context>

   <l:context name="htmlhelp">
      <l:template name="langcode" text="0x0427 Lithuanian"/>
   </l:context>

   <l:letters>
      <l:l i="-1"/>
      <l:l i="0">Simboliai</l:l>
      <l:l i="1">A</l:l>
      <l:l i="1">a</l:l>
      <l:l i="1">&#260;</l:l>
      <l:l i="1">&#261;</l:l>
      <l:l i="2">B</l:l>
      <l:l i="2">b</l:l>
      <l:l i="3">C</l:l>
      <l:l i="3">c</l:l>
      <l:l i="3">&#268;</l:l>
      <l:l i="3">&#269;</l:l>
      <l:l i="4">D</l:l>
      <l:l i="4">d</l:l>
      <l:l i="5">E</l:l>
      <l:l i="5">e</l:l>
      <l:l i="5">&#280;</l:l>
      <l:l i="5">&#281;</l:l>
      <l:l i="5">&#278;</l:l>
      <l:l i="5">&#279;</l:l>
      <l:l i="6">F</l:l>
      <l:l i="6">f</l:l>
      <l:l i="7">G</l:l>
      <l:l i="7">g</l:l>
      <l:l i="8">H</l:l>
      <l:l i="8">h</l:l>
      <l:l i="9">I</l:l>
      <l:l i="9">i</l:l>
      <l:l i="9">&#302;</l:l>
      <l:l i="9">&#303;</l:l>
      <l:l i="10">Y</l:l>
      <l:l i="10">y</l:l>
      <l:l i="11">J</l:l>
      <l:l i="11">j</l:l>
      <l:l i="12">K</l:l>
      <l:l i="12">k</l:l>
      <l:l i="13">L</l:l>
      <l:l i="13">l</l:l>
      <l:l i="14">M</l:l>
      <l:l i="14">m</l:l>
      <l:l i="15">N</l:l>
      <l:l i="15">n</l:l>
      <l:l i="16">O</l:l>
      <l:l i="16">o</l:l>
      <l:l i="17">P</l:l>
      <l:l i="17">p</l:l>
      <l:l i="18">R</l:l>
      <l:l i="18">r</l:l>
      <l:l i="19">S</l:l>
      <l:l i="19">s</l:l>
      <l:l i="19">&#352;</l:l>
      <l:l i="19">&#353;</l:l>
      <l:l i="20">T</l:l>
      <l:l i="20">t</l:l>
      <l:l i="21">U</l:l>
      <l:l i="21">u</l:l>
      <l:l i="21">&#370;</l:l>
      <l:l i="21">&#371;</l:l>
      <l:l i="21">&#362;</l:l>
      <l:l i="21">&#363;</l:l>
      <l:l i="22">V</l:l>
      <l:l i="22">v</l:l>
      <l:l i="23">Z</l:l>
      <l:l i="23">z</l:l>
      <l:l i="23">&#381;</l:l>
      <l:l i="23">&#382;</l:l>
      <l:l i="24">Q</l:l>
      <l:l i="24">q</l:l>
      <l:l i="25">W</l:l>
      <l:l i="25">w</l:l>
      <l:l i="26">X</l:l>
      <l:l i="26">x</l:l>
   </l:letters>
</l:l10n>
