<?xml version="1.0"?>
<catalog xmlns="urn:oasis:names:tc:entity:xmlns:xml:catalog">

<!-- Rewrite rules for the whole tree -->

<rewriteURI uriStartString="http://docbook.sourceforge.net/release/website/2.4.1/schema/"
            rewritePrefix="schema/"/>

<rewriteURI uriStartString="http://docbook.sourceforge.net/release/website/2.4.1/xsl/"
            rewritePrefix="xsl/"/>

<!-- Website DTD locations -->

<group xml:base="schema/dtd/"
       id="website-dtd"
       prefer="public">

  <public
    publicId="-//Norman Walsh//DTD Website V2.4.0//EN"
    uri="website.dtd"/>
    <!-- this could be the website-custom.dtd instead -->

  <public
    publicId="-//Norman Walsh//DTD Website Custom V2.4.0//EN"
    uri="website-custom.dtd"/>

  <public
    publicId="-//Norman Walsh//DTD Website Full V2.4.0//EN"
    uri="website-full.dtd"/>

  <public
    publicId="-//Norman Walsh//DTD Website Autolayout V2.4.0//EN"
    uri="autolayout.dtd"/>

  <public
    publicId="-//Norman Walsh//DTD Website Layout V2.4.0//EN"
    uri="layout.dtd"/>

  <public
    publicId="-//Norman Walsh//DTD Website Module V2.4.0//EN"
    uri="website.mod"/>

  <public
    publicId="-//Norman Walsh//DTD Website Extensions Module V2.4.0//EN"
    uri="extensions.mod"/>

  <public
    publicId="-//Norman Walsh//DTD Website Namespaces Module V2.4.0//EN"
    uri="namespaces.mod"/>

  <public
    publicId="-//Norman Walsh//DTD Website RDDL Module V2.4.0//EN"
    uri="rddl.mod"/>

  <public
    publicId="-//Norman Walsh//DTD Website Forms Module V2.4.0//EN"
    uri="forms.mod"/>
</group>

<!-- Website RelaxNG locations -->

<group xml:base="schema/relaxng/"
       id="website-relaxng"
       prefer="public">

  <uri
      name="autolayout.rng"
      uri="autolayout.rng"/>

  <uri
      name="layout.rng"
      uri="layout.rng"/>

  <uri
      name="website.rng"
      uri="website.rng"/>

  <uri
      name="website-full.rng"
      uri="website-full.rng"/>

</group>

<!-- website XSL locations -->

<group xml:base="xsl/"
       id="website-xsl">

    <uri
      name="autolayout.xsl"
      uri="autolayout.xsl"/>

    <uri
      name="website.xsl"
      uri="website.xsl"/>

    <uri
      name="tabular.xsl"
      uri="tabular.xsl"/>

    <uri
      name="chunk-tabular.xsl"
      uri="chunk-tabular.xsl"/>

    <uri
      name="chunk-common.xsl"
      uri="chunk-common.xsl"/>

    <uri
      name="chunk-website.xsl"
      uri="chunk-website.xsl"/>

    <uri
      name="makefile-dep.xsl"
      uri="makefile-dep.xsl"/>

</group>

<!-- Map web references to DocBook XSL -->
  <rewriteURI
    uriStartString="http://docbook.sourceforge.net/release/xsl/current/"
    rewritePrefix="../docbook/xsl/"/>

</catalog>
